,biocarta,chr
data/Examples/tp,0.129151291513,0.568265682657
