length,cut-off
600,4.55403132571e-13
700,7.59649882165e-15
800,1.49234224207e-16
900,2.79738039999e-18
1000,3.88670314717e-20
1250,1.49763434137e-24
1500,3.65733678559e-29
1750,6.87098366674e-34
2000,1.67642771389e-38
2250,2.01596050512e-43
2500,2.4841544215e-48
2750,1.49634435015e-53
3000,1.310135726e-58
