length,cut-off
1,0.0215423448512
2,0.0248014783278
3,0.0313240931016
4,0.0339322191861
5,0.0391491529923
6,0.043061257306
7,0.0347604675232
8,0.037328040065
9,0.0239830368785
