length,cut-off
1,0.015014361563
2,0.0182757678663
